{"_id":{"$oid":"573ec227bec88ff1af511e79"},"isbn":"978-1-4493-9321-2","title":"Head First jQuery","category":"JavaScript","authors":["Ryan Benedetti","Ronan Cranley"],"publisher":"O'Reilly Media","price":1499.0,"publishYear":2011.0}
{"_id":{"$oid":"573ec227bec88ff1af511e7a"},"isbn":"978-1-4571-0402-2","title":"Professional ASP.NET 4 in C# and VB","category":".NET","authors":["Scott Hanselman","Devin Rader","Bill Evje"],"publisher":"Wrox","price":1699.0,"publishYear":2010.0}
{"_id":{"$oid":"573ec227bec88ff1af511e7b"},"isbn":"978-0-596-51668-0","title":"Head First Servlets and JSP, 2nd Edition","category":"Java","authors":["Bryan Basham","Kathy Sierra","Bert Bates"],"publisher":"O'Reilly Media","price":1799.0,"publishYear":2008.0}
{"_id":{"$oid":"573ec227bec88ff1af511e7c"},"isbn":"978-1-118-83207-3","title":"Professional AngularJS","category":"JavaScript","authors":["Valeri Karpov","Diego Netto"],"publisher":"Wrox","price":1799.0,"publishYear":2015.0}
{"_id":{"$oid":"573ec227bec88ff1af511e7d"},"isbn":"978-1-119-19431-6","title":"OpenStack Cloud Application Development","category":"System Admin","authors":["Scott Adkins","John Belamaric","Vincent Giersch","Denys Makogon","Jason E. Robinson"],"publisher":"Wrox","price":1599.0,"publishYear":2015.0}
{"_id":{"$oid":"573ec227bec88ff1af511e7e"},"isbn":"978-1-119-07355-0","title":"Swift iOS 24-Hour Trainer","category":"Mobile","authors":["Abhishek Mishra"],"publisher":"Wrote","price":1699.0,"publishYear":2016.0}
{"_id":{"$oid":"573ec227bec88ff1af511e7f"},"isbn":"978-1-4302-6502-3","title":"Pro CSS3 Layout Techniques","category":"Web","authors":["Sam Hampton-Smith"],"publisher":"APress","price":1299.0,"publishYear":2016.0}
{"_id":{"$oid":"573ec227bec88ff1af511e80"},"isbn":"978-1-49194-892-7","title":"Algorithms in a Nutshell, 2nd Edition","category":"Principle","authors":["George T. Heineman","Gary Pollice","Stanley Selkow"],"publisher":"O'Reilly Media","price":1299.0,"publishYear":2016.0}
{"_id":{"$oid":"573ec227bec88ff1af511e81"},"isbn":"978-1-78588-619-5","title":"Android Application Development Cookbook, 2nd Edition","category":"Mobile","authors":["Rick Boyer","Kyle Mew"],"publisher":"Packt Publishing","price":1499.0,"publishYear":2016.0}
{"_id":{"$oid":"573ec227bec88ff1af511e82"},"isbn":"978-1-78398-024-6","title":"Practical Data Science Cookbook","category":"Data Science","authors":["Tony Ojeda","Sean Patrick Murphy","Benjamin Bengfort","Abhijit Dasgupta"],"publisher":"Packt Publishing","price":1599.0,"publishYear":2014.0}
