{"_id":{"$oid":"573e954abec88ff1af511e15"},"idCardNo":"1680120637599","firstName":"Hilda","lastName":"Jackson","sex":"F","birthday":"1984-01-25","address":"Ap #867-736 Donec Rd.","city":"Maiduguri","region":"Borno","country":"Australia","zipCode":"04681","registeredDate":"2013-09-03","mobileNo":"(02) 3252 9447","email":"et.libero.Proin@non.org","lat":"-12.63899","lng":"61.35552"}
{"_id":{"$oid":"573e954abec88ff1af511e16"},"idCardNo":"1692082564599","firstName":"Ali","lastName":"Kinney","sex":"M","birthday":"1970-02-19","address":"Ap #278-1849 Nulla Ave","city":"Vallentuna","region":"AB","country":"Reunion","zipCode":"5337","registeredDate":"2012-07-31","mobileNo":"(04) 4977 3965","email":"vel.venenatis@adipiscing.com","lat":"-26.58495","lng":"52.02253"}
{"_id":{"$oid":"573e954abec88ff1af511e17"},"idCardNo":"1633031630599","firstName":"Daria","lastName":"Workman","sex":"F","birthday":"1989-08-24","address":"P.O. Box 898, 8859 Proin Road","city":"Fresno","region":"California","country":"Trinidad and Tobago","zipCode":"15914","registeredDate":"2007-09-24","mobileNo":"(06) 2106 5220","email":"in@malesuadafamesac.co.uk","lat":"-8.81729","lng":"-88.41407"}
{"_id":{"$oid":"573e954abec88ff1af511e18"},"idCardNo":"1610080312999","firstName":"Lucius","lastName":"Leblanc","sex":"M","birthday":"1973-02-03","address":"Ap #357-9829 Orci, Avenue","city":"Nemi","region":"Lazio","country":"Comoros","zipCode":"98-317","registeredDate":"1991-05-15","mobileNo":"(05) 2248 9951","email":"ultricies.ornare@Integerin.ca","lat":"-43.57615","lng":"-54.85174"}
{"_id":{"$oid":"573e954abec88ff1af511e19"},"idCardNo":"1655121401199","firstName":"Colton","lastName":"Acosta","sex":"F","birthday":"1963-06-23","address":"901-6387 Metus St.","city":"Siedlce","region":"Mazowieckie","country":"Luxembourg","zipCode":"47913","registeredDate":"2006-07-15","mobileNo":"(03) 7600 3669","email":"consectetuer.euismod@enimMaurisquis.co.uk","lat":"15.26434","lng":"-109.66852"}
{"_id":{"$oid":"573e954abec88ff1af511e1a"},"idCardNo":"1664031689999","firstName":"Paula","lastName":"Hicks","sex":"M","birthday":"1987-08-17","address":"5696 Metus. St.","city":"Erie","region":"Pennsylvania","country":"Svalbard and Jan Mayen Islands","zipCode":"11827","registeredDate":"1993-12-01","mobileNo":"(06) 0731 5121","email":"Sed@gravidaPraesent.edu","lat":"59.65893","lng":"-47.15183"}
{"_id":{"$oid":"573e954abec88ff1af511e1b"},"idCardNo":"1690092520799","firstName":"Quyn","lastName":"Coleman","sex":"M","birthday":"1954-12-13","address":"Ap #592-5728 Hendrerit. Ave","city":"San Pedro","region":"Metropolitana de Santiago","country":"Heard Island and Mcdonald Islands","zipCode":"71008","registeredDate":"2002-03-26","mobileNo":"(04) 4435 7590","email":"facilisis.lorem.tristique@in.net","lat":"30.76238","lng":"101.38656"}
{"_id":{"$oid":"573e954abec88ff1af511e1c"},"idCardNo":"1654062197799","firstName":"Amaya","lastName":"Hutchinson","sex":"F","birthday":"1995-03-12","address":"P.O. Box 852, 3401 Eu Rd.","city":"Port Moody","region":"British Columbia","country":"Antarctica","zipCode":"20848","registeredDate":"1995-12-01","mobileNo":"(09) 0180 7089","email":"Nunc.ullamcorper@a.edu","lat":"-81.31938","lng":"174.38571"}
{"_id":{"$oid":"573e954abec88ff1af511e1d"},"idCardNo":"1624052977799","firstName":"Zoe","lastName":"Avery","sex":"F","birthday":"1982-04-25","address":"121-8507 Non, St.","city":"Galway","region":"C","country":"Italy","zipCode":"183358","registeredDate":"2013-09-24","mobileNo":"(01) 5220 6781","email":"tortor.nibh@Sednunc.edu","lat":"87.79719","lng":"-43.86887"}
{"_id":{"$oid":"573e954abec88ff1af511e1e"},"idCardNo":"1684071142199","firstName":"Sarah","lastName":"Lancaster","sex":"M","birthday":"1960-09-05","address":"6728 Ante Avenue","city":"Brandon","region":"MB","country":"Qatar","zipCode":"821495","registeredDate":"2010-05-14","mobileNo":"(03) 5699 8443","email":"nulla.Cras.eu@diam.org","lat":"-27.19401","lng":"-159.53676"}
{"_id":{"$oid":"573e954abec88ff1af511e1f"},"idCardNo":"1607080274099","firstName":"Dara","lastName":"Beard","sex":"M","birthday":"1989-07-17","address":"979-3597 Quis, St.","city":"Ucluelet","region":"BC","country":"Turkmenistan","zipCode":"20631","registeredDate":"1998-05-23","mobileNo":"(07) 2528 4602","email":"orci.Donec.nibh@euismodurnaNullam.org","lat":"-30.23719","lng":"173.27193"}
{"_id":{"$oid":"573e954abec88ff1af511e20"},"idCardNo":"1622050228199","firstName":"Vernon","lastName":"Mcdowell","sex":"F","birthday":"1973-12-06","address":"1510 Ipsum Av.","city":"Bhind","region":"MP","country":"Algeria","zipCode":"77737","registeredDate":"2015-10-01","mobileNo":"(05) 6948 8283","email":"Donec.sollicitudin.adipiscing@erategetipsum.org","lat":"-41.98656","lng":"-132.58"}
{"_id":{"$oid":"573e954abec88ff1af511e21"},"idCardNo":"1613122940699","firstName":"Rachel","lastName":"Diaz","sex":"M","birthday":"1991-02-09","address":"114-2645 Etiam Ave","city":"Dublin","region":"Leinster","country":"Qatar","zipCode":"04425","registeredDate":"1996-08-30","mobileNo":"(05) 4332 9963","email":"Curabitur.vel@idliberoDonec.co.uk","lat":"29.27349","lng":"-108.12947"}
{"_id":{"$oid":"573e954abec88ff1af511e22"},"idCardNo":"1684051217399","firstName":"Sloane","lastName":"Bowen","sex":"F","birthday":"1975-04-24","address":"Ap #187-9141 Nec, Rd.","city":"Lexington","region":"Kentucky","country":"Netherlands","zipCode":"00321-256","registeredDate":"2015-07-29","mobileNo":"(08) 0524 1769","email":"fames@mieleifendegestas.com","lat":"86.24393","lng":"45.66938"}
{"_id":{"$oid":"573e954abec88ff1af511e23"},"idCardNo":"1664021517799","firstName":"Cassidy","lastName":"Drake","sex":"M","birthday":"1980-11-18","address":"445-6846 At, St.","city":"Dublin","region":"L","country":"Switzerland","zipCode":"484671","registeredDate":"2014-08-13","mobileNo":"(05) 5303 1436","email":"mauris.rhoncus.id@euismodestarcu.edu","lat":"-19.94768","lng":"30.90104"}
{"_id":{"$oid":"573e954abec88ff1af511e24"},"idCardNo":"1687100117099","firstName":"Shafira","lastName":"Fischer","sex":"F","birthday":"1954-09-23","address":"P.O. Box 540, 5151 Scelerisque Av.","city":"Neerharen","region":"L.","country":"Bolivia","zipCode":"65486","registeredDate":"2010-10-19","mobileNo":"(05) 1563 7097","email":"quis.pede@nequevitae.com","lat":"81.60177","lng":"102.78856"}
{"_id":{"$oid":"573e954abec88ff1af511e25"},"idCardNo":"1608082220199","firstName":"Violet","lastName":"Buck","sex":"F","birthday":"1955-04-03","address":"992-397 Tincidunt St.","city":"Bulnes","region":"Biobío","country":"Ukraine","zipCode":"66748-274","registeredDate":"1992-12-17","mobileNo":"(03) 5171 9870","email":"augue.ut.lacus@vulputate.com","lat":"-66.25591","lng":"143.70072"}
{"_id":{"$oid":"573e954abec88ff1af511e26"},"idCardNo":"1690091687999","firstName":"Melinda","lastName":"Solis","sex":"M","birthday":"1978-10-31","address":"4267 Sollicitudin St.","city":"Sevilla","region":"Andalucía","country":"Faroe Islands","zipCode":"19132","registeredDate":"2005-11-05","mobileNo":"(03) 2597 8929","email":"diam.eu.dolor@Vestibulum.co.uk","lat":"-45.71583","lng":"-23.27258"}
{"_id":{"$oid":"573e954abec88ff1af511e27"},"idCardNo":"1698042855799","firstName":"Chantale","lastName":"Poole","sex":"F","birthday":"1990-03-07","address":"6825 Non St.","city":"Maipú","region":"Metropolitana de Santiago","country":"Timor-Leste","zipCode":"705118","registeredDate":"2009-04-04","mobileNo":"(07) 0203 1839","email":"Nullam.nisl.Maecenas@magna.com","lat":"-21.51982","lng":"146.59417"}
{"_id":{"$oid":"573e954abec88ff1af511e28"},"idCardNo":"1664022714199","firstName":"Liberty","lastName":"Sandoval","sex":"F","birthday":"1974-09-09","address":"326-6284 Tristique Rd.","city":"Carmen","region":"Cartago","country":"Sierra Leone","zipCode":"6783","registeredDate":"2010-01-24","mobileNo":"(02) 8843 8472","email":"Praesent@venenatislacus.org","lat":"-14.47532","lng":"50.53212"}
{"_id":{"$oid":"573e954abec88ff1af511e29"},"idCardNo":"1648051660499","firstName":"Zelda","lastName":"Whitley","sex":"F","birthday":"1953-01-22","address":"914-991 Phasellus Ave","city":"Dublin","region":"L","country":"Saint Lucia","zipCode":"538177","registeredDate":"2016-03-22","mobileNo":"(03) 3956 2931","email":"iaculis.aliquet@hendrerit.edu","lat":"-50.3509","lng":"5.65722"}
{"_id":{"$oid":"573e954abec88ff1af511e2a"},"idCardNo":"1651041288999","firstName":"Gray","lastName":"Rogers","sex":"M","birthday":"1993-05-05","address":"608-7621 Ullamcorper Av.","city":"Vienna","region":"Wie","country":"Serbia","zipCode":"55865","registeredDate":"1997-05-29","mobileNo":"(03) 2424 9149","email":"iaculis.enim.sit@dui.com","lat":"-60.12998","lng":"23.65821"}
{"_id":{"$oid":"573e954abec88ff1af511e2b"},"idCardNo":"1613050961799","firstName":"Kareem","lastName":"Cherry","sex":"M","birthday":"1973-08-27","address":"315-2471 Imperdiet Street","city":"Chaumont-Gistoux","region":"WB","country":"French Guiana","zipCode":"63398","registeredDate":"2001-12-03","mobileNo":"(05) 4152 1228","email":"malesuada.fames.ac@vestibulumloremsit.co.uk","lat":"78.1833","lng":"129.61961"}
{"_id":{"$oid":"573e954abec88ff1af511e2c"},"idCardNo":"1685050648499","firstName":"Sheila","lastName":"Bruce","sex":"M","birthday":"1966-04-16","address":"603-7035 At Road","city":"İmamoğlu","region":"Adana","country":"Costa Rica","zipCode":"19148-364","registeredDate":"1999-04-16","mobileNo":"(04) 9133 6981","email":"pede.sagittis.augue@neque.edu","lat":"80.32854","lng":"-19.97199"}
{"_id":{"$oid":"573e954abec88ff1af511e2d"},"idCardNo":"1626041077499","firstName":"Knox","lastName":"Kramer","sex":"F","birthday":"1965-07-07","address":"761-2923 Mauris Street","city":"Vienna","region":"Wie","country":"Belgium","zipCode":"76741-141","registeredDate":"1999-05-10","mobileNo":"(02) 6794 7940","email":"luctus@lectusquis.edu","lat":"-17.58323","lng":"-38.62367"}
{"_id":{"$oid":"573e954abec88ff1af511e2e"},"idCardNo":"1677091861399","firstName":"Nolan","lastName":"Workman","sex":"F","birthday":"1973-05-25","address":"P.O. Box 166, 6336 Ac Av.","city":"Jelenia Góra","region":"DS","country":"Bolivia","zipCode":"59308","registeredDate":"1992-07-23","mobileNo":"(09) 7614 6502","email":"odio.sagittis@enimEtiamgravida.co.uk","lat":"-45.87631","lng":"67.41193"}
{"_id":{"$oid":"573e954abec88ff1af511e2f"},"idCardNo":"1649082618899","firstName":"Nina","lastName":"Cobb","sex":"M","birthday":"1995-07-20","address":"692-8917 Enim. St.","city":"Desamparados","region":"SJ","country":"Peru","zipCode":"36-667","registeredDate":"2004-09-08","mobileNo":"(01) 9844 6289","email":"Phasellus.dolor.elit@adipiscinglacusUt.co.uk","lat":"75.18097","lng":"49.83203"}
{"_id":{"$oid":"573e954abec88ff1af511e30"},"idCardNo":"1614060245999","firstName":"Kasimir","lastName":"Mann","sex":"F","birthday":"1981-06-28","address":"P.O. Box 745, 2535 Tortor, Street","city":"Hearst","region":"Ontario","country":"Curaçao","zipCode":"00246","registeredDate":"2013-04-07","mobileNo":"(04) 7080 0953","email":"nunc.sed@iaculis.co.uk","lat":"-86.07113","lng":"78.04302"}
{"_id":{"$oid":"573e954abec88ff1af511e31"},"idCardNo":"1618080365699","firstName":"Daphne","lastName":"Oneil","sex":"F","birthday":"1995-04-29","address":"6788 Rhoncus. Ave","city":"Kirkby Lonsdale","region":"Westmorland","country":"Tokelau","zipCode":"082492","registeredDate":"1993-12-21","mobileNo":"(01) 3864 0012","email":"dui.nec@commodoauctor.com","lat":"77.30325","lng":"76.92734"}
{"_id":{"$oid":"573e954abec88ff1af511e32"},"idCardNo":"1650122596199","firstName":"Jennifer","lastName":"Powers","sex":"F","birthday":"1989-12-16","address":"1561 Est, Street","city":"Upper Hutt","region":"NI","country":"Guyana","zipCode":"08946","registeredDate":"2013-09-13","mobileNo":"(05) 6037 7434","email":"luctus@ridiculusmus.edu","lat":"11.65914","lng":"-63.86119"}
{"_id":{"$oid":"573e954abec88ff1af511e33"},"idCardNo":"1630071539099","firstName":"Keelie","lastName":"Grimes","sex":"M","birthday":"1992-05-05","address":"Ap #224-2386 Nulla Road","city":"Cincinnati","region":"OH","country":"Dominica","zipCode":"06385","registeredDate":"2001-06-22","mobileNo":"(08) 7166 5650","email":"a.aliquet@leo.ca","lat":"-19.87373","lng":"84.02581"}
{"_id":{"$oid":"573e954abec88ff1af511e34"},"idCardNo":"1603121806099","firstName":"Caleb","lastName":"Oconnor","sex":"M","birthday":"1998-01-09","address":"P.O. Box 808, 235 Integer Street","city":"Zwolle","region":"Overijssel","country":"Nepal","zipCode":"6507","registeredDate":"1994-03-23","mobileNo":"(07) 4926 9884","email":"varius.et.euismod@etrutrumnon.ca","lat":"-75.07255","lng":"-150.50631"}
{"_id":{"$oid":"573e954abec88ff1af511e35"},"idCardNo":"1694030876299","firstName":"George","lastName":"Golden","sex":"F","birthday":"1970-06-07","address":"924-3690 Tincidunt St.","city":"Fort Worth","region":"Texas","country":"Senegal","zipCode":"08240","registeredDate":"2011-10-06","mobileNo":"(05) 9600 2635","email":"turpis.egestas@ornarelectusante.org","lat":"-63.66096","lng":"-77.84911"}
{"_id":{"$oid":"573e954abec88ff1af511e36"},"idCardNo":"1630011156599","firstName":"Quon","lastName":"Powell","sex":"M","birthday":"1957-09-23","address":"Ap #496-9825 Sit Road","city":"Broken Hill","region":"New South Wales","country":"Congo (Brazzaville)","zipCode":"949298","registeredDate":"1992-12-02","mobileNo":"(05) 3330 2245","email":"nibh@nibhenim.co.uk","lat":"-88.93102","lng":"-38.81994"}
{"_id":{"$oid":"573e954abec88ff1af511e37"},"idCardNo":"1600040789699","firstName":"Regina","lastName":"Duke","sex":"F","birthday":"1971-06-28","address":"P.O. Box 732, 723 Ac Road","city":"Istanbul","region":"Istanbul","country":"Trinidad and Tobago","zipCode":"2832","registeredDate":"2012-12-14","mobileNo":"(05) 1720 9472","email":"pellentesque.massa.lobortis@semmolestie.co.uk","lat":"-28.11689","lng":"91.42772"}
{"_id":{"$oid":"573e954abec88ff1af511e38"},"idCardNo":"1683021879899","firstName":"Abra","lastName":"Gutierrez","sex":"M","birthday":"1979-02-03","address":"391-3355 Eu St.","city":"Dublin","region":"L","country":"Comoros","zipCode":"298157","registeredDate":"2007-07-17","mobileNo":"(05) 3883 9737","email":"montes.nascetur@Suspendissealiquetmolestie.co.uk","lat":"-76.38463","lng":"-41.36849"}
{"_id":{"$oid":"573e954abec88ff1af511e39"},"idCardNo":"1638022543299","firstName":"Aristotle","lastName":"Middleton","sex":"F","birthday":"1952-09-12","address":"577-3745 Mattis Street","city":"Broken Arrow","region":"Oklahoma","country":"Puerto Rico","zipCode":"04996","registeredDate":"2008-11-21","mobileNo":"(07) 1398 2357","email":"est.mauris.rhoncus@ut.co.uk","lat":"36.37966","lng":"171.03788"}
{"_id":{"$oid":"573e954abec88ff1af511e3a"},"idCardNo":"1692121049799","firstName":"Darryl","lastName":"Bates","sex":"F","birthday":"1991-03-11","address":"Ap #137-5000 Metus Rd.","city":"Bremerhaven","region":"HB","country":"Azerbaijan","zipCode":"36713","registeredDate":"2009-03-07","mobileNo":"(05) 2915 1196","email":"gravida.sit.amet@Nullaegetmetus.co.uk","lat":"81.76508","lng":"-129.4453"}
{"_id":{"$oid":"573e954abec88ff1af511e3b"},"idCardNo":"1605122565599","firstName":"Odysseus","lastName":"Riggs","sex":"F","birthday":"1982-04-06","address":"780-7015 Lacinia St.","city":"Lauro de Freitas","region":"BA","country":"Saint Martin","zipCode":"7173","registeredDate":"1994-02-12","mobileNo":"(09) 9151 8195","email":"adipiscing.elit@Utsemperpretium.edu","lat":"21.23136","lng":"10.51469"}
{"_id":{"$oid":"573e954abec88ff1af511e3c"},"idCardNo":"1612041636099","firstName":"Aidan","lastName":"Mathis","sex":"M","birthday":"1985-08-11","address":"5151 Quis Avenue","city":"Maryborough","region":"QLD","country":"Korea, South","zipCode":"558482","registeredDate":"1992-07-28","mobileNo":"(07) 4121 0955","email":"vitae.risus.Duis@sitamet.co.uk","lat":"8.49956","lng":"-35.95837"}
{"_id":{"$oid":"573e954abec88ff1af511e3d"},"idCardNo":"1670061105999","firstName":"Amir","lastName":"Hess","sex":"F","birthday":"1967-05-05","address":"P.O. Box 509, 8331 Rutrum Road","city":"Istanbul","region":"Ist","country":"Kyrgyzstan","zipCode":"2538","registeredDate":"2002-09-15","mobileNo":"(03) 8209 3214","email":"tellus.justo.sit@nec.co.uk","lat":"-8.31222","lng":"-146.37429"}
{"_id":{"$oid":"573e954abec88ff1af511e3e"},"idCardNo":"1651101962799","firstName":"Abraham","lastName":"Collier","sex":"M","birthday":"1987-11-25","address":"P.O. Box 900, 2197 Natoque Avenue","city":"Dunedin","region":"SI","country":"Mozambique","zipCode":"3203FK","registeredDate":"2014-01-16","mobileNo":"(09) 6480 6614","email":"urna@Phasellus.ca","lat":"32.68006","lng":"108.107"}
{"_id":{"$oid":"573e954abec88ff1af511e3f"},"idCardNo":"1605061430099","firstName":"Carlos","lastName":"Griffin","sex":"M","birthday":"1989-08-17","address":"706-4270 Rhoncus Ave","city":"Tauranga","region":"North Island","country":"Grenada","zipCode":"83519","registeredDate":"2012-01-08","mobileNo":"(07) 1646 0899","email":"amet@dictumeleifend.net","lat":"-33.71572","lng":"130.70234"}
{"_id":{"$oid":"573e954abec88ff1af511e40"},"idCardNo":"1612031330799","firstName":"Charissa","lastName":"Cooley","sex":"F","birthday":"1952-09-14","address":"Ap #573-9300 Nonummy Rd.","city":"Glendale","region":"Arizona","country":"Taiwan","zipCode":"2794","registeredDate":"1993-10-22","mobileNo":"(01) 4643 5066","email":"orci.lacus@elit.co.uk","lat":"16.45687","lng":"31.30923"}
{"_id":{"$oid":"573e954abec88ff1af511e41"},"idCardNo":"1639031521899","firstName":"Colby","lastName":"Rodriquez","sex":"M","birthday":"1988-09-19","address":"Ap #885-766 Facilisis, Av.","city":"Casalvieri","region":"Lazio","country":"Bolivia","zipCode":"80159","registeredDate":"2011-11-14","mobileNo":"(07) 1320 7016","email":"ut.nulla@consequatauctor.co.uk","lat":"-65.13127","lng":"-151.34199"}
{"_id":{"$oid":"573e954abec88ff1af511e42"},"idCardNo":"1655021298799","firstName":"Charles","lastName":"Hood","sex":"M","birthday":"1981-06-05","address":"700 Sed Ave","city":"Sydney","region":"New South Wales","country":"Bouvet Island","zipCode":"5675","registeredDate":"2015-05-15","mobileNo":"(08) 4587 5902","email":"amet.metus.Aliquam@aptenttaciti.org","lat":"3.80382","lng":"-87.97384"}
{"_id":{"$oid":"573e954abec88ff1af511e43"},"idCardNo":"1681070661499","firstName":"Inga","lastName":"Oneil","sex":"F","birthday":"1967-07-29","address":"P.O. Box 319, 5065 Mus. Rd.","city":"Bergama","region":"İzmir","country":"Russian Federation","zipCode":"26-885","registeredDate":"1992-04-10","mobileNo":"(07) 6459 5040","email":"ornare.placerat@metus.net","lat":"-62.45167","lng":"-80.907"}
{"_id":{"$oid":"573e954abec88ff1af511e44"},"idCardNo":"1615101111399","firstName":"Daria","lastName":"Cannon","sex":"M","birthday":"1955-03-29","address":"P.O. Box 993, 8362 Arcu Rd.","city":"La Granja","region":"Metropolitana de Santiago","country":"Namibia","zipCode":"77-831","registeredDate":"1999-07-07","mobileNo":"(08) 6906 8627","email":"fermentum@sedestNunc.ca","lat":"-20.25801","lng":"170.87757"}
{"_id":{"$oid":"573e954abec88ff1af511e45"},"idCardNo":"1631012459099","firstName":"Sarah","lastName":"Carter","sex":"F","birthday":"1993-04-30","address":"P.O. Box 320, 1114 Donec Street","city":"Istanbul","region":"Istanbul","country":"Turks and Caicos Islands","zipCode":"991307","registeredDate":"1997-02-27","mobileNo":"(03) 6250 8702","email":"dolor.Fusce@nisisemsemper.edu","lat":"84.90171","lng":"36.30625"}
{"_id":{"$oid":"573e954abec88ff1af511e46"},"idCardNo":"1687090665299","firstName":"Harper","lastName":"Harvey","sex":"M","birthday":"1964-04-08","address":"942-7841 Faucibus Ave","city":"Khandwa","region":"Madhya Pradesh","country":"Israel","zipCode":"7495","registeredDate":"1997-11-12","mobileNo":"(03) 2958 6093","email":"purus@utpharetra.co.uk","lat":"-4.66782","lng":"161.28425"}
{"_id":{"$oid":"573e954abec88ff1af511e47"},"idCardNo":"1644031755099","firstName":"Lenore","lastName":"Sargent","sex":"F","birthday":"1966-05-19","address":"961-7343 Sit Rd.","city":"Galway","region":"C","country":"Viet Nam","zipCode":"95-296","registeredDate":"2015-08-25","mobileNo":"(04) 0142 5660","email":"felis.Donec.tempor@neque.com","lat":"76.72239","lng":"69.20465"}
{"_id":{"$oid":"573e954abec88ff1af511e48"},"idCardNo":"1620050565899","firstName":"Destiny","lastName":"Lopez","sex":"F","birthday":"1959-11-10","address":"Ap #747-2973 Lorem Rd.","city":"Quesada","region":"A","country":"Zambia","zipCode":"6866","registeredDate":"2005-04-15","mobileNo":"(04) 7232 9372","email":"Quisque.ac@etmalesuada.org","lat":"-43.90616","lng":"-175.81766"}
{"_id":{"$oid":"573e954abec88ff1af511e49"},"idCardNo":"1678100297199","firstName":"Ishmael","lastName":"Cortez","sex":"F","birthday":"1954-05-11","address":"P.O. Box 302, 6145 Metus. Av.","city":"Fréjus","region":"PR","country":"Marshall Islands","zipCode":"15-816","registeredDate":"2004-04-17","mobileNo":"(04) 4175 2395","email":"velit.Cras.lorem@antebibendum.com","lat":"41.54221","lng":"136.14853"}
{"_id":{"$oid":"573e954abec88ff1af511e4a"},"idCardNo":"1656081752799","firstName":"Nicholas","lastName":"England","sex":"F","birthday":"1961-06-06","address":"P.O. Box 397, 3525 Ligula. Avenue","city":"Paderborn","region":"North Rhine-Westphalia","country":"Bhutan","zipCode":"13483","registeredDate":"2009-04-05","mobileNo":"(01) 2940 0250","email":"Maecenas.iaculis@montesnasceturridiculus.com","lat":"-46.62091","lng":"-41.19391"}
{"_id":{"$oid":"573e954abec88ff1af511e4b"},"idCardNo":"1665110225999","firstName":"Kellie","lastName":"Golden","sex":"M","birthday":"1966-10-13","address":"4329 Dictum Road","city":"Calera","region":"V","country":"United Kingdom (Great Britain)","zipCode":"61887","registeredDate":"1998-11-07","mobileNo":"(01) 0187 5082","email":"pretium@eros.net","lat":"29.69748","lng":"158.09951"}
{"_id":{"$oid":"573e954abec88ff1af511e4c"},"idCardNo":"1649011972499","firstName":"Harrison","lastName":"Carroll","sex":"M","birthday":"1962-01-17","address":"Ap #395-2406 Sed Street","city":"Toruń","region":"KP","country":"Algeria","zipCode":"H8K 3S1","registeredDate":"2015-05-30","mobileNo":"(01) 6156 9202","email":"et@dolorsit.net","lat":"46.42834","lng":"-89.66136"}
{"_id":{"$oid":"573e954abec88ff1af511e4d"},"idCardNo":"1673022489399","firstName":"Lacota","lastName":"Cameron","sex":"M","birthday":"1985-08-13","address":"Ap #394-5925 Facilisis. Ave","city":"Owerri","region":"Imo","country":"Timor-Leste","zipCode":"97639-663","registeredDate":"2013-12-08","mobileNo":"(07) 9591 2627","email":"ornare.placerat@dictum.co.uk","lat":"-77.15557","lng":"140.09052"}
{"_id":{"$oid":"573e954abec88ff1af511e4e"},"idCardNo":"1640031759099","firstName":"Julie","lastName":"Bradford","sex":"M","birthday":"1983-12-03","address":"Ap #752-8654 Nunc Rd.","city":"Murray Bridge","region":"SA","country":"Cameroon","zipCode":"51410","registeredDate":"2011-09-27","mobileNo":"(05) 1916 4648","email":"Mauris.nulla.Integer@ametnullaDonec.org","lat":"56.27338","lng":"33.64358"}
{"_id":{"$oid":"573e954abec88ff1af511e4f"},"idCardNo":"1600020856999","firstName":"Kylan","lastName":"Sandoval","sex":"M","birthday":"1970-11-21","address":"1429 Ridiculus St.","city":"South Burlington","region":"VT","country":"Brazil","zipCode":"14-161","registeredDate":"2001-06-24","mobileNo":"(07) 3465 7859","email":"sed.sapien.Nunc@nonummy.co.uk","lat":"-36.57622","lng":"-88.66899"}
{"_id":{"$oid":"573e954abec88ff1af511e50"},"idCardNo":"1641052989699","firstName":"Macey","lastName":"Rush","sex":"M","birthday":"1982-06-25","address":"Ap #641-1337 Aliquet St.","city":"Lummen","region":"L.","country":"Maldives","zipCode":"099007","registeredDate":"2011-10-15","mobileNo":"(02) 7247 7923","email":"luctus.aliquet@atsemmolestie.net","lat":"-82.72959","lng":"-126.76336"}
{"_id":{"$oid":"573e954abec88ff1af511e51"},"idCardNo":"1642111045599","firstName":"Steven","lastName":"Swanson","sex":"F","birthday":"1966-12-16","address":"317-2122 Semper St.","city":"Kapelle-op-den-Bos","region":"Vlaams-Brabant","country":"Cyprus","zipCode":"0449","registeredDate":"2005-06-09","mobileNo":"(02) 8766 6825","email":"arcu.Sed@ultrices.com","lat":"55.45643","lng":"134.528"}
{"_id":{"$oid":"573e954abec88ff1af511e52"},"idCardNo":"1692091223199","firstName":"Robin","lastName":"Randolph","sex":"M","birthday":"1978-09-24","address":"P.O. Box 947, 6615 Mi Road","city":"Campbelltown","region":"NSW","country":"Brazil","zipCode":"11117","registeredDate":"2011-11-23","mobileNo":"(02) 4313 1083","email":"eu.elit@SeddictumProin.ca","lat":"0.46899","lng":"79.39608"}
{"_id":{"$oid":"573e954abec88ff1af511e53"},"idCardNo":"1650050503799","firstName":"Brady","lastName":"Rios","sex":"F","birthday":"1956-11-01","address":"Ap #417-2630 At St.","city":"Mackay","region":"QLD","country":"Maldives","zipCode":"72425","registeredDate":"2008-03-17","mobileNo":"(06) 8348 5530","email":"feugiat.placerat@libero.net","lat":"30.66357","lng":"73.3576"}
{"_id":{"$oid":"573e954abec88ff1af511e54"},"idCardNo":"1627031351599","firstName":"Willa","lastName":"Huber","sex":"M","birthday":"1951-11-29","address":"284 Et St.","city":"Stirling","region":"Stirlingshire","country":"Swaziland","zipCode":"12648","registeredDate":"2013-06-14","mobileNo":"(01) 2193 6942","email":"ipsum.ac@nec.com","lat":"45.81816","lng":"-134.43777"}
{"_id":{"$oid":"573e954abec88ff1af511e55"},"idCardNo":"1623012282199","firstName":"Ahmed","lastName":"Schmidt","sex":"F","birthday":"1960-03-25","address":"824-5047 Natoque Rd.","city":"Zaria","region":"KD","country":"Maldives","zipCode":"2644","registeredDate":"1999-07-03","mobileNo":"(05) 2276 0178","email":"nec@venenatislacus.co.uk","lat":"-7.61985","lng":"35.30103"}
{"_id":{"$oid":"573e954abec88ff1af511e56"},"idCardNo":"1649100429799","firstName":"Alma","lastName":"Clarke","sex":"M","birthday":"1998-02-04","address":"326-7693 Id, St.","city":"Pozo Almonte","region":"I","country":"French Polynesia","zipCode":"8375","registeredDate":"2004-07-19","mobileNo":"(09) 3663 1544","email":"nec.euismod@sapienAeneanmassa.edu","lat":"84.87568","lng":"104.62997"}
{"_id":{"$oid":"573e954abec88ff1af511e57"},"idCardNo":"1646091398599","firstName":"Mason","lastName":"Mitchell","sex":"F","birthday":"1964-08-30","address":"4443 Ac Rd.","city":"Renfrew","region":"Ontario","country":"Afghanistan","zipCode":"252166","registeredDate":"2006-06-07","mobileNo":"(03) 4101 6142","email":"diam.nunc@pharetra.com","lat":"-77.80105","lng":"-179.51138"}
{"_id":{"$oid":"573e954abec88ff1af511e58"},"idCardNo":"1603101319799","firstName":"Shad","lastName":"Pickett","sex":"F","birthday":"1971-11-22","address":"P.O. Box 375, 4080 Ut Rd.","city":"Castelbuono","region":"SIC","country":"Guinea-Bissau","zipCode":"9463","registeredDate":"1992-10-08","mobileNo":"(01) 6279 5658","email":"euismod@ametluctus.com","lat":"-27.88739","lng":"1.62736"}
{"_id":{"$oid":"573e954abec88ff1af511e59"},"idCardNo":"1602031955699","firstName":"Rose","lastName":"Castaneda","sex":"F","birthday":"1954-04-29","address":"400-8759 Eu Ave","city":"Dannevirke","region":"North Island","country":"Tunisia","zipCode":"02912-183","registeredDate":"1990-06-21","mobileNo":"(01) 3685 5183","email":"pede.ac@fringilla.edu","lat":"-43.51154","lng":"84.79811"}
{"_id":{"$oid":"573e954abec88ff1af511e5a"},"idCardNo":"1622111086899","firstName":"Blaze","lastName":"Rivas","sex":"M","birthday":"1954-11-21","address":"P.O. Box 572, 3775 Et, Av.","city":"Aguacaliente (San Francisco)","region":"C","country":"Estonia","zipCode":"835188","registeredDate":"1998-03-25","mobileNo":"(04) 6650 2583","email":"Nam@at.org","lat":"26.93359","lng":"133.87757"}
{"_id":{"$oid":"573e954abec88ff1af511e5b"},"idCardNo":"1615082936899","firstName":"Hanna","lastName":"Duke","sex":"F","birthday":"1959-07-23","address":"P.O. Box 289, 8341 Vitae Ave","city":"Hilversum","region":"N.","country":"Syria","zipCode":"8943","registeredDate":"2016-11-05","mobileNo":"(07) 7238 0849","email":"nec@urnaNuncquis.com","lat":"4.06113","lng":"-85.15568"}
{"_id":{"$oid":"573e954abec88ff1af511e5c"},"idCardNo":"1635081835199","firstName":"Jade","lastName":"Oneill","sex":"M","birthday":"1962-04-07","address":"9909 Auctor Rd.","city":"Çermik","region":"Diyarbakır","country":"Montserrat","zipCode":"93093","registeredDate":"1992-05-12","mobileNo":"(06) 7164 9377","email":"Donec@fringillaDonec.org","lat":"4.70581","lng":"168.92264"}
{"_id":{"$oid":"573e954abec88ff1af511e5d"},"idCardNo":"1688060115399","firstName":"Quintessa","lastName":"Jones","sex":"F","birthday":"1976-06-06","address":"526-9556 Mauris St.","city":"Cambridge","region":"North Island","country":"Guadeloupe","zipCode":"84638","registeredDate":"1995-01-20","mobileNo":"(07) 9779 3165","email":"Nam.interdum.enim@odio.net","lat":"-57.8051","lng":"157.71872"}
{"_id":{"$oid":"573e954abec88ff1af511e5e"},"idCardNo":"1684080980199","firstName":"Madeson","lastName":"Odom","sex":"M","birthday":"1984-01-02","address":"844-8187 Sollicitudin Road","city":"Leamington","region":"ON","country":"Haiti","zipCode":"9313","registeredDate":"2004-07-26","mobileNo":"(03) 5702 2823","email":"magna.malesuada.vel@interdum.com","lat":"19.44725","lng":"81.64711"}
{"_id":{"$oid":"573e954abec88ff1af511e5f"},"idCardNo":"1638122982599","firstName":"Armand","lastName":"Walton","sex":"M","birthday":"1966-08-26","address":"Ap #690-627 Habitant Road","city":"Châlons-en-Champagne","region":"Champagne-Ardenne","country":"Benin","zipCode":"07577","registeredDate":"1991-02-17","mobileNo":"(03) 0128 5354","email":"Integer@nec.co.uk","lat":"-30.68034","lng":"-43.78225"}
{"_id":{"$oid":"573e954abec88ff1af511e60"},"idCardNo":"1653061794699","firstName":"Julie","lastName":"Parsons","sex":"F","birthday":"1997-06-03","address":"614-4246 Eleifend. Avenue","city":"Brisbane","region":"QLD","country":"Lebanon","zipCode":"71701","registeredDate":"1990-09-07","mobileNo":"(07) 3345 6198","email":"nisi.Aenean@pulvinararcu.ca","lat":"-65.57432","lng":"79.00689"}
{"_id":{"$oid":"573e954abec88ff1af511e61"},"idCardNo":"1695110682499","firstName":"Raja","lastName":"Mays","sex":"M","birthday":"1980-09-23","address":"Ap #260-1977 Ultricies St.","city":"Burlington","region":"Vermont","country":"Italy","zipCode":"64513","registeredDate":"2004-08-02","mobileNo":"(02) 0353 2137","email":"et.ultrices.posuere@Integeraliquamadipiscing.net","lat":"-4.88479","lng":"-62.939"}
{"_id":{"$oid":"573e954abec88ff1af511e62"},"idCardNo":"1625082154499","firstName":"Dieter","lastName":"Cohen","sex":"M","birthday":"1981-02-04","address":"5737 Pretium Rd.","city":"Otukpo","region":"BE","country":"Haiti","zipCode":"89679","registeredDate":"2007-02-22","mobileNo":"(06) 2706 3558","email":"In.scelerisque@Sedmolestie.com","lat":"-0.08942","lng":"-129.10508"}
{"_id":{"$oid":"573e954abec88ff1af511e63"},"idCardNo":"1638092428099","firstName":"Dante","lastName":"Winters","sex":"F","birthday":"1951-08-27","address":"404-582 Mi St.","city":"Blois","region":"Centre","country":"Falkland Islands","zipCode":"06852-145","registeredDate":"2010-06-08","mobileNo":"(08) 8650 8076","email":"diam.vel@fermentum.net","lat":"-30.1213","lng":"-46.54973"}
{"_id":{"$oid":"573e954abec88ff1af511e64"},"idCardNo":"1634110631599","firstName":"Keegan","lastName":"Greene","sex":"M","birthday":"1998-12-30","address":"P.O. Box 376, 3199 Sapien, Av.","city":"Waitakere","region":"NI","country":"Netherlands","zipCode":"836076","registeredDate":"2004-03-31","mobileNo":"(02) 3381 6041","email":"purus@antedictum.com","lat":"15.27572","lng":"-118.72896"}
{"_id":{"$oid":"573e954abec88ff1af511e65"},"idCardNo":"1680080939299","firstName":"Kiayada","lastName":"Lindsey","sex":"F","birthday":"1957-06-02","address":"Ap #599-8946 Amet Av.","city":"Alacant","region":"CV","country":"Lesotho","zipCode":"67386","registeredDate":"2010-12-22","mobileNo":"(07) 8770 5338","email":"arcu.Sed.et@aliquamarcuAliquam.com","lat":"-41.70832","lng":"71.72005"}
{"_id":{"$oid":"573e954abec88ff1af511e66"},"idCardNo":"1641052166799","firstName":"Zenaida","lastName":"Oneill","sex":"F","birthday":"1988-07-18","address":"P.O. Box 487, 5655 Egestas. St.","city":"Orangeville","region":"ON","country":"Malta","zipCode":"11955","registeredDate":"1990-12-01","mobileNo":"(08) 9813 3207","email":"semper.erat@posuereatvelit.com","lat":"86.85922","lng":"-8.74099"}
{"_id":{"$oid":"573e954abec88ff1af511e67"},"idCardNo":"1600010242399","firstName":"Erich","lastName":"Serrano","sex":"M","birthday":"1954-06-21","address":"P.O. Box 676, 2210 Dis Avenue","city":"Móstoles","region":"Madrid","country":"Vanuatu","zipCode":"81-287","registeredDate":"2014-05-05","mobileNo":"(09) 5123 2392","email":"in.lobortis@nonlobortisquis.ca","lat":"0.10736","lng":"157.55093"}
{"_id":{"$oid":"573e954abec88ff1af511e68"},"idCardNo":"1659051100799","firstName":"Darryl","lastName":"Collier","sex":"F","birthday":"1958-02-26","address":"Ap #671-7282 Mi Av.","city":"Brindisi","region":"Puglia","country":"El Salvador","zipCode":"33120-662","registeredDate":"1993-04-23","mobileNo":"(05) 4436 3180","email":"bibendum.sed@ametultriciessem.net","lat":"-9.02997","lng":"-107.04698"}
{"_id":{"$oid":"573e954abec88ff1af511e69"},"idCardNo":"1694030916599","firstName":"Lunea","lastName":"Mccormick","sex":"F","birthday":"1974-05-04","address":"P.O. Box 952, 7537 Felis. St.","city":"Vienna","region":"Vienna","country":"Azerbaijan","zipCode":"86580","registeredDate":"2006-09-10","mobileNo":"(03) 2581 1210","email":"lorem.auctor@tristiqueac.com","lat":"-82.54636","lng":"-124.95402"}
{"_id":{"$oid":"573e954abec88ff1af511e6a"},"idCardNo":"1683062811799","firstName":"Mufutau","lastName":"Burton","sex":"F","birthday":"1966-01-29","address":"6138 Odio St.","city":"Dublin","region":"Leinster","country":"Antarctica","zipCode":"0223BT","registeredDate":"1991-02-11","mobileNo":"(07) 1491 5715","email":"Integer.urna@ametnulla.com","lat":"-56.27479","lng":"133.91329"}
{"_id":{"$oid":"573e954abec88ff1af511e6b"},"idCardNo":"1656061906899","firstName":"Jamal","lastName":"Sanders","sex":"F","birthday":"1964-10-01","address":"1112 Convallis Ave","city":"Southaven","region":"MS","country":"Congo, the Democratic Republic of the","zipCode":"07-225","registeredDate":"2007-01-14","mobileNo":"(02) 1547 3825","email":"felis@consectetuer.net","lat":"-30.16394","lng":"-115.34179"}
{"_id":{"$oid":"573e954abec88ff1af511e6c"},"idCardNo":"1617010424499","firstName":"Kameko","lastName":"Avery","sex":"F","birthday":"1980-05-29","address":"P.O. Box 517, 2638 Interdum St.","city":"Melton","region":"Victoria","country":"Isle of Man","zipCode":"10411","registeredDate":"1992-05-22","mobileNo":"(07) 9806 3783","email":"magna.Sed.eu@Sed.edu","lat":"36.65093","lng":"-126.11898"}
{"_id":{"$oid":"573e954abec88ff1af511e6d"},"idCardNo":"1629092151399","firstName":"Vielka","lastName":"Whitaker","sex":"M","birthday":"1950-05-08","address":"Ap #603-2159 At Av.","city":"Cisano Bergamasco","region":"LOM","country":"Burundi","zipCode":"51251","registeredDate":"2006-12-21","mobileNo":"(04) 1540 7906","email":"neque.sed.sem@tristiquealiquetPhasellus.org","lat":"18.7387","lng":"20.08502"}
{"_id":{"$oid":"573e954abec88ff1af511e6e"},"idCardNo":"1605072908199","firstName":"Ivana","lastName":"Wynn","sex":"M","birthday":"1955-12-31","address":"Ap #656-5126 Ac Av.","city":"Portland","region":"Oregon","country":"Kiribati","zipCode":"95697","registeredDate":"2007-07-30","mobileNo":"(07) 2929 4997","email":"mi.enim@montesnascetur.org","lat":"-1.27218","lng":"71.10274"}
{"_id":{"$oid":"573e954abec88ff1af511e6f"},"idCardNo":"1661103006199","firstName":"Kenneth","lastName":"Henderson","sex":"M","birthday":"1998-10-24","address":"930-8630 Donec St.","city":"Onitsha","region":"Anambra","country":"Chile","zipCode":"874883","registeredDate":"1995-06-23","mobileNo":"(03) 1242 6182","email":"tincidunt.tempus@pretium.com","lat":"-35.71105","lng":"-165.80833"}
{"_id":{"$oid":"573e954abec88ff1af511e70"},"idCardNo":"1654091596699","firstName":"Louis","lastName":"Patton","sex":"F","birthday":"1984-02-28","address":"P.O. Box 986, 9135 Velit Road","city":"Erode","region":"Tamil Nadu","country":"Brazil","zipCode":"28497","registeredDate":"2014-05-22","mobileNo":"(04) 7608 5994","email":"adipiscing@justofaucibuslectus.net","lat":"75.2266","lng":"-14.31501"}
{"_id":{"$oid":"573e954abec88ff1af511e71"},"idCardNo":"1602052083899","firstName":"Blossom","lastName":"Vaughn","sex":"M","birthday":"1965-12-30","address":"523-7391 Elit, Street","city":"Tamworth","region":"New South Wales","country":"Myanmar","zipCode":"23514","registeredDate":"2011-09-07","mobileNo":"(03) 2481 7091","email":"vehicula.aliquet@sedest.org","lat":"79.03681","lng":"-28.92709"}
{"_id":{"$oid":"573e954abec88ff1af511e72"},"idCardNo":"1671012701399","firstName":"Chaney","lastName":"Rowe","sex":"M","birthday":"1998-02-24","address":"649-2570 Semper St.","city":"Berhampore","region":"WB","country":"Bulgaria","zipCode":"08329","registeredDate":"2002-01-18","mobileNo":"(04) 6607 5122","email":"nisi.Cum.sociis@vitaerisus.edu","lat":"48.76696","lng":"171.69832"}
{"_id":{"$oid":"573e954abec88ff1af511e73"},"idCardNo":"1693042376299","firstName":"Mufutau","lastName":"Miller","sex":"M","birthday":"1987-03-18","address":"P.O. Box 606, 2983 Arcu Ave","city":"Alcalá de Henares","region":"MA","country":"Barbados","zipCode":"15984","registeredDate":"2000-09-30","mobileNo":"(03) 7036 5072","email":"Praesent@Aliquam.ca","lat":"16.07418","lng":"-64.50196"}
{"_id":{"$oid":"573e954abec88ff1af511e74"},"idCardNo":"1649101981999","firstName":"Regan","lastName":"Sosa","sex":"M","birthday":"1990-09-09","address":"416-3202 Quisque Street","city":"Pedro Aguirre Cerda","region":"Metropolitana de Santiago","country":"Uganda","zipCode":"20547","registeredDate":"2009-05-11","mobileNo":"(05) 9471 8138","email":"Suspendisse@Intinciduntcongue.net","lat":"-2.86644","lng":"-128.44339"}
{"_id":{"$oid":"573e954abec88ff1af511e75"},"idCardNo":"1605021562399","firstName":"Urielle","lastName":"Glover","sex":"F","birthday":"1990-07-15","address":"375-8800 Dui Ave","city":"Valley East","region":"Ontario","country":"Antarctica","zipCode":"9583","registeredDate":"2011-12-22","mobileNo":"(08) 5756 8876","email":"purus@semegetmassa.net","lat":"-70.58351","lng":"103.56021"}
{"_id":{"$oid":"573e954abec88ff1af511e76"},"idCardNo":"1663052431199","firstName":"Nita","lastName":"Dyer","sex":"M","birthday":"1996-04-19","address":"168-8986 Aenean Avenue","city":"Canberra","region":"ACT","country":"Suriname","zipCode":"15-872","registeredDate":"2013-02-18","mobileNo":"(04) 5608 0713","email":"mi.lorem@lectusCumsociis.edu","lat":"67.88056","lng":"-99.73511"}
{"_id":{"$oid":"573e954abec88ff1af511e77"},"idCardNo":"1606051587299","firstName":"Alexis","lastName":"Good","sex":"M","birthday":"1979-01-27","address":"9617 Elit, Ave","city":"Berlin","region":"Berlin","country":"Cyprus","zipCode":"47377","registeredDate":"2003-01-03","mobileNo":"(08) 7134 6363","email":"non.vestibulum@bibendum.edu","lat":"-40.80198","lng":"18.20315"}
{"_id":{"$oid":"573e954abec88ff1af511e78"},"idCardNo":"1659091751399","firstName":"Leslie","lastName":"Sweeney","sex":"F","birthday":"1958-05-02","address":"3072 Posuere Ave","city":"Vienna","region":"Vienna","country":"Sudan","zipCode":"28645","registeredDate":"1997-01-20","mobileNo":"(07) 2353 9793","email":"turpis.Aliquam@euismod.net","lat":"-75.54679","lng":"-64.66581"}
{"_id":{"$oid":"579dd4d512d12dcd7cdd07ed"},"name":"PUP"}
