{"_id":{"$oid":"5750d5cfbec88ff1af51a1d7"},"customerId":{"$oid":"573e954abec88ff1af511e15"},"addresses":[{"address":"Ap #867-736 Donec Rd.","city":"Maiduguri","region":"Borno","country":"Australia","zipCode":"04681","lat":"-12.63899","lng":"61.35552"},{"address":"Ap #278-1849 Nulla Ave","city":"Vallentuna","region":"AB","country":"Reunion","zipCode":"5337","lat":"-26.58495","lng":"52.02253"},{"address":"P.O. Box 898, 8859 Proin Road","city":"Fresno","region":"California","country":"Trinidad and Tobago","zipCode":"15914","lat":"-8.81729","lng":"-88.41407"}]}
{"_id":{"$oid":"5750d7f1bec88ff1af51a1d8"},"customerId":{"$oid":"573e954abec88ff1af511e17"},"addresses":[{"address":"P.O. Box 898, 8859 Proin Road","city":"Fresno","region":"California","country":"Trinidad and Tobago","zipCode":"15914","lat":"-8.81729","lng":"-88.41407"},{"address":"Ap #357-9829 Orci, Avenue","city":"Nemi","region":"Lazio","country":"Comoros","zipCode":"98-317","lat":"-43.57615","lng":"-54.85174"},{"address":"901-6387 Metus St.","city":"Siedlce","region":"Mazowieckie","country":"Luxembourg","zipCode":"47913","lat":"15.26434","lng":"-109.66852"}]}
